"Status","Start Time","Stop Time","Duration in ms","Parent Suite","Suite","Sub Suite","Test Class","Test Method","Name","Description"
"passed","Tue Nov 22 09:14:44 GMT 2022","Tue Nov 22 09:14:45 GMT 2022","1146","chromium","","","","","homepage has title and links to intro page",""
"failed","Tue Nov 22 09:16:38 GMT 2022","Tue Nov 22 09:16:44 GMT 2022","6628","webkit","","","","","Must fail",""
"passed","Tue Nov 22 09:15:23 GMT 2022","Tue Nov 22 09:15:26 GMT 2022","3049","firefox","","","","","homepage has title and links to intro page",""
"passed","Tue Nov 22 09:16:22 GMT 2022","Tue Nov 22 09:16:23 GMT 2022","1072","webkit","","","","","Success test 2",""
"failed","Tue Nov 22 09:16:09 GMT 2022","Tue Nov 22 09:16:17 GMT 2022","7929","firefox","","","","","Must fail2",""
"failed","Tue Nov 22 09:15:43 GMT 2022","Tue Nov 22 09:15:51 GMT 2022","7898","firefox","","","","","Must fail",""
"passed","Tue Nov 22 09:15:26 GMT 2022","Tue Nov 22 09:15:27 GMT 2022","909","firefox","","","","","Success test 2",""
"failed","Tue Nov 22 09:17:00 GMT 2022","Tue Nov 22 09:17:07 GMT 2022","6685","webkit","","","","","Must fail2",""
"passed","Tue Nov 22 09:14:45 GMT 2022","Tue Nov 22 09:14:45 GMT 2022","469","chromium","","","","","Success test 2",""
"failed","Tue Nov 22 09:15:17 GMT 2022","Tue Nov 22 09:15:23 GMT 2022","5694","chromium","","","","","Must fail2",""
"passed","Tue Nov 22 09:16:18 GMT 2022","Tue Nov 22 09:16:22 GMT 2022","4391","webkit","","","","","homepage has title and links to intro page",""
"failed","Tue Nov 22 09:14:58 GMT 2022","Tue Nov 22 09:15:04 GMT 2022","5687","chromium","","","","","Must fail",""
